{"stats":{"n":17928,"p10":833.0578200000002,"p25":1090.90905,"p50":1563.636305,"p75":2218.181735,"p90":3044.627985,"mean":1769.771936643517},"bins":[{"bin_idx":0.0,"n":17858,"lo":0.0,"hi":100000.0},{"bin_idx":null,"n":70,"lo":null,"hi":null}]}