{"stats":{"n":19792,"p10":409.91734,"p25":525.619815,"p50":687.60328,"p75":925.6198,"p90":1315.70243,"mean":807.19378503869},"bins":[{"bin_idx":0.0,"n":19639,"lo":0.0,"hi":100000.0},{"bin_idx":null,"n":153,"lo":null,"hi":null}]}