{"stats":{"n":2694,"p10":307.43800500000003,"p25":380.165275,"p50":482.64461000000006,"p75":624.793365,"p90":766.94212,"mean":533.6369267099888},"bins":[{"bin_idx":0.0,"n":2693,"lo":0.0,"hi":100000.0},{"bin_idx":null,"n":1,"lo":null,"hi":null}]}