{"stats":{"n":12356,"p10":373.55370500000004,"p25":482.64461000000006,"p50":651.239645,"p75":899.17352,"p90":1239.6693750000002,"mean":743.756565736616},"bins":[{"bin_idx":0.0,"n":12252,"lo":0.0,"hi":100000.0},{"bin_idx":null,"n":104,"lo":null,"hi":null}]}