{"stats":{"n":20098,"p10":383.47105999999997,"p25":509.09089,"p50":674.3801400000001,"p75":872.72724,"p90":1193.388385,"mean":745.3570251948546},"bins":[{"bin_idx":0.0,"n":19938,"lo":0.0,"hi":100000.0},{"bin_idx":null,"n":160,"lo":null,"hi":null}]}