{"stats":{"n":20115,"p10":383.4710600000001,"p25":509.09089,"p50":674.3801400000001,"p75":872.72724,"p90":1193.388385,"mean":745.3667122454152},"bins":[{"bin_idx":0.0,"n":19954,"lo":0.0,"hi":100000.0},{"bin_idx":null,"n":161,"lo":null,"hi":null}]}