{"stats":{"n":30014,"p10":476.03304,"p25":618.1817950000001,"p50":826.4462500000001,"p75":1127.2726850000001,"p90":1599.9999400000002,"mean":988.6856438803246},"bins":[{"bin_idx":0.0,"n":29812,"lo":0.0,"hi":100000.0},{"bin_idx":null,"n":202,"lo":null,"hi":null}]}