{"stats":{"n":1503,"p10":304.13222,"p25":387.60329125000004,"p50":522.31403,"p75":661.157,"p90":935.5371550000001,"mean":585.9892175838918},"bins":[{"bin_idx":0.0,"n":1490,"lo":0.0,"hi":100000.0},{"bin_idx":null,"n":13,"lo":null,"hi":null}]}