{"stats":{"n":33032,"p10":360.33056500000004,"p25":456.19833,"p50":588.4297300000001,"p75":783.471045,"p90":1157.02475,"mean":692.5790588161185},"bins":[{"bin_idx":0.0,"n":32862,"lo":0.0,"hi":100000.0},{"bin_idx":null,"n":170,"lo":null,"hi":null}]}