{"stats":{"n":1516,"p10":314.049575,"p25":406.611555,"p50":545.454525,"p75":842.975175,"p90":1021.487565,"mean":644.0566777251634},"bins":[{"bin_idx":0.0,"n":1510,"lo":0.0,"hi":100000.0},{"bin_idx":null,"n":6,"lo":null,"hi":null}]}