{"stats":{"n":1225,"p10":429.75205000000005,"p25":545.454525,"p50":730.578485,"p75":1047.933845,"p90":1658.181756,"mean":873.896392320691},"bins":[{"bin_idx":0.0,"n":1213,"lo":0.0,"hi":100000.0},{"bin_idx":null,"n":12,"lo":null,"hi":null}]}