{"stats":{"n":898,"p10":323.96693000000005,"p25":416.52891,"p50":540.4958475000001,"p75":750.4131950000001,"p90":1077.6859100000001,"mean":635.9727257601348},"bins":[{"bin_idx":0.0,"n":888,"lo":0.0,"hi":100000.0},{"bin_idx":null,"n":10,"lo":null,"hi":null}]}