{"stats":{"n":682,"p10":280.99172500000003,"p25":390.08263000000005,"p50":489.25618000000003,"p75":571.900805,"p90":716.0330310000005,"mean":522.1273734918284},"bins":[{"bin_idx":0.0,"n":673,"lo":0.0,"hi":100000.0},{"bin_idx":null,"n":9,"lo":null,"hi":null}]}