{"stats":{"n":1414,"p10":290.90908,"p25":393.388415,"p50":522.31403,"p75":687.60328,"p90":1212.5619379999998,"mean":645.9071978391964},"bins":[{"bin_idx":0.0,"n":1393,"lo":0.0,"hi":100000.0},{"bin_idx":null,"n":21,"lo":null,"hi":null}]}