{"stats":{"n":1305,"p10":466.11568500000004,"p25":611.570225,"p50":867.7685625,"p75":1355.37185,"p90":1699.1734900000001,"mean":1013.9492580376325},"bins":[{"bin_idx":0.0,"n":1302,"lo":0.0,"hi":100000.0},{"bin_idx":null,"n":3,"lo":null,"hi":null}]}