{"stats":{"n":1306,"p10":466.11568500000004,"p25":609.9173325,"p50":866.11567,"p75":1355.37185,"p90":1699.1734900000001,"mean":1013.602392490405},"bins":[{"bin_idx":0.0,"n":1303,"lo":0.0,"hi":100000.0},{"bin_idx":null,"n":3,"lo":null,"hi":null}]}