{"stats":{"n":525,"p10":207547.09965500003,"p25":237603.296875,"p50":266029.74209,"p75":295993.37733,"p90":349057.8381500001,"mean":271708.7532898668},"bins":[{"bin_idx":1.0,"n":49,"lo":100000.0,"hi":200000.0},{"bin_idx":2.0,"n":350,"lo":200000.0,"hi":300000.0},{"bin_idx":3.0,"n":117,"lo":300000.0,"hi":400000.0},{"bin_idx":4.0,"n":9,"lo":400000.0,"hi":500000.0}]}