{"stats":{"n":524,"p10":207323.95916750003,"p25":237603.296875,"p50":265613.21318,"p75":295941.31121625,"p90":349305.772025,"mean":271643.6211300001},"bins":[{"bin_idx":1.0,"n":49,"lo":100000.0,"hi":200000.0},{"bin_idx":2.0,"n":350,"lo":200000.0,"hi":300000.0},{"bin_idx":3.0,"n":116,"lo":300000.0,"hi":400000.0},{"bin_idx":4.0,"n":9,"lo":400000.0,"hi":500000.0}]}