{"stats":{"n":887,"p10":333.88428500000003,"p25":511.57022875000007,"p50":753.71898,"p75":999.9999625,"p90":1080.9916950000002,"mean":753.5932992338726},"bins":[{"bin_idx":0.0,"n":868,"lo":0.0,"hi":100000.0},{"bin_idx":null,"n":19,"lo":null,"hi":null}]}