{"stats":{"n":892,"p10":334.54544200000004,"p25":512.3966750000001,"p50":753.71898,"p75":998.34707,"p90":1079.6693810000006,"mean":753.8893812886612},"bins":[{"bin_idx":0.0,"n":873,"lo":0.0,"hi":100000.0},{"bin_idx":null,"n":19,"lo":null,"hi":null}]}