{"stats":{"n":929,"p10":348.76031750000004,"p25":525.619815,"p50":714.04956,"p75":839.66939,"p90":1047.933845,"mean":711.5720456346571},"bins":[{"bin_idx":0.0,"n":906,"lo":0.0,"hi":100000.0},{"bin_idx":null,"n":23,"lo":null,"hi":null}]}