{"stats":{"n":291,"p10":216442.96709000002,"p25":237421.47870000004,"p50":267117.345355,"p75":322500.8143525,"p90":361814.862465,"mean":281549.0394546908},"bins":[{"bin_idx":1.0,"n":10,"lo":100000.0,"hi":200000.0},{"bin_idx":2.0,"n":185,"lo":200000.0,"hi":300000.0},{"bin_idx":3.0,"n":87,"lo":300000.0,"hi":400000.0},{"bin_idx":4.0,"n":9,"lo":400000.0,"hi":500000.0}]}