{"stats":{"n":289,"p10":217003.62822600003,"p25":238201.64396000002,"p50":267517.34534,"p75":323140.48375,"p90":362040.978159,"mean":281879.19672742224},"bins":[{"bin_idx":1.0,"n":10,"lo":100000.0,"hi":200000.0},{"bin_idx":2.0,"n":183,"lo":200000.0,"hi":300000.0},{"bin_idx":3.0,"n":87,"lo":300000.0,"hi":400000.0},{"bin_idx":4.0,"n":9,"lo":400000.0,"hi":500000.0}]}