{"stats":{"n":1596,"p10":327.272715,"p25":459.504115,"p50":542.14874,"p75":641.3222900000001,"p90":819.83468,"mean":579.3445713504113},"bins":[{"bin_idx":0.0,"n":1581,"lo":0.0,"hi":100000.0},{"bin_idx":null,"n":15,"lo":null,"hi":null}]}