{"stats":{"n":114,"p10":230035.3632745,"p25":271099.1633875,"p50":312968.58330500004,"p75":338657.01209375006,"p90":359964.6146005,"mean":305254.44701315794},"bins":[{"bin_idx":1.0,"n":1,"lo":100000.0,"hi":200000.0},{"bin_idx":2.0,"n":43,"lo":200000.0,"hi":300000.0},{"bin_idx":3.0,"n":69,"lo":300000.0,"hi":400000.0},{"bin_idx":4.0,"n":1,"lo":400000.0,"hi":500000.0}]}