{"stats":{"n":116,"p10":230199.9913675,"p25":272166.93194250006,"p50":312968.58330500004,"p75":339133.87158000004,"p90":359958.6641875,"mean":305696.48326422414},"bins":[{"bin_idx":1.0,"n":1,"lo":100000.0,"hi":200000.0},{"bin_idx":2.0,"n":43,"lo":200000.0,"hi":300000.0},{"bin_idx":3.0,"n":71,"lo":300000.0,"hi":400000.0},{"bin_idx":4.0,"n":1,"lo":400000.0,"hi":500000.0}]}