{"stats":{"n":923,"p10":348.09916050000004,"p25":459.504115,"p50":628.09915,"p75":833.0578200000001,"p90":1153.718965,"mean":707.1631107221006},"bins":[{"bin_idx":0.0,"n":914,"lo":0.0,"hi":100000.0},{"bin_idx":null,"n":9,"lo":null,"hi":null}]}