{"stats":{"n":90,"p10":255286.93257550002,"p25":270691.72538625,"p50":292677.674975,"p75":316165.2774,"p90":338139.82203050004,"mean":295146.36175111134},"bins":[{"bin_idx":2.0,"n":47,"lo":200000.0,"hi":300000.0},{"bin_idx":3.0,"n":43,"lo":300000.0,"hi":400000.0}]}