{"stats":{"n":309,"p10":304.13222,"p25":426.44626500000004,"p50":586.7768375,"p75":734.71071625,"p90":994.0495495000005,"mean":632.1669828409092},"bins":[{"bin_idx":0.0,"n":308,"lo":0.0,"hi":100000.0},{"bin_idx":null,"n":1,"lo":null,"hi":null}]}