{"stats":{"n":48,"p10":227478.6691555,"p25":269863.62624375004,"p50":301132.2201125,"p75":356198.33375000005,"p90":380358.332844,"mean":309286.6275202084},"bins":[{"bin_idx":2.0,"n":24,"lo":200000.0,"hi":300000.0},{"bin_idx":3.0,"n":22,"lo":300000.0,"hi":400000.0},{"bin_idx":4.0,"n":2,"lo":400000.0,"hi":500000.0}]}