{"stats":{"n":7,"p10":388.760316,"p25":403.30577000000005,"p50":446.280975,"p75":504.13221250000004,"p90":575.867747,"mean":464.226665},"bins":[{"bin_idx":0.0,"n":7,"lo":0.0,"hi":100000.0}]}