{"stats":{"n":2,"p10":250036.0236815,"p25":262709.90750375,"p50":283833.0472075,"p75":304956.18691125,"p90":317630.0707335,"mean":283833.0472075},"bins":[{"bin_idx":2.0,"n":1,"lo":200000.0,"hi":300000.0},{"bin_idx":3.0,"n":1,"lo":300000.0,"hi":400000.0}]}