{"stats":{"n":83,"p10":572.561962,"p25":819.83468,"p50":1064.46277,"p75":1322.314,"p90":1514.04953,"mean":1047.2567565060242},"bins":[{"bin_idx":0.0,"n":83,"lo":0.0,"hi":100000.0}]}