{"stats":{"n":82,"p10":572.2313835,"p25":819.83468,"p50":1064.46277,"p75":1322.314,"p90":1514.04953,"mean":1049.5061085975608},"bins":[{"bin_idx":0.0,"n":82,"lo":0.0,"hi":100000.0}]}