{"stats":{"n":2,"p10":104995.3679635,"p25":105000.82250875,"p50":105009.9134175,"p75":105019.00432625,"p90":105024.45887150001,"mean":105009.9134175},"bins":[{"bin_idx":1.0,"n":2,"lo":100000.0,"hi":200000.0}]}